{"is_source_file": false, "format": "", "description": "", "external_files": [], "external_methods": [], "published": [], "classes": [], "methods": [], "calls": [], "search-terms": [], "state": 2, "file_id": 4, "knowledge_revision": 15, "git_revision": "200d5822253b561ea411ec4797a2227ee6e97e9a", "hash": "ebece526bc2eadd78ddd787a76c56607", "format-version": 4, "code-base-name": "web_frontend", "filename": "web_frontend/README.md", "revision_history": [{"15": "200d5822253b561ea411ec4797a2227ee6e97e9a"}]}