{"is_source_file": false, "format": "", "description": "", "external_files": [], "external_methods": [], "published": [], "classes": [], "methods": [], "calls": [], "search-terms": [], "state": 2, "file_id": 7, "knowledge_revision": 23, "git_revision": "200d5822253b561ea411ec4797a2227ee6e97e9a", "ctags": [], "hash": "1a77571e1a8cf36018a41bcedf60db75", "format-version": 4, "code-base-name": "web_frontend", "filename": "web_frontend/src/setupTests.js", "revision_history": [{"23": "200d5822253b561ea411ec4797a2227ee6e97e9a"}]}