{"is_source_file": true, "format": "JavaScript (React JSX)", "description": "This file defines a React component named 'App' that manages a theme toggle (light/dark mode). It includes UI elements such as a button to switch themes, an image logo, descriptive text, and a link to the React documentation.", "external_files": ["./logo.svg", "./App.css"], "external_methods": ["useState", "useEffect"], "published": ["App"], "classes": [], "methods": [{"name": "App()", "description": "React functional component that manages theme state and renders UI elements for theme toggling.", "scope": "", "scopeKind": ""}, {"name": "toggleTheme", "description": "Function to toggle between 'light' and 'dark' themes, invoked on button click."}], "calls": ["document.documentElement.setAttribute", "setTheme", "prevTheme => prevTheme === 'light' ? 'dark' : 'light'", "useState", "useEffect"], "search-terms": ["React theme toggle", "useState hook", "useEffect hook", "React component", "App.js", "CSS styling", "Dark mode", "Light mode", "React logo"], "state": 2, "file_id": 6, "knowledge_revision": 24, "git_revision": "200d5822253b561ea411ec4797a2227ee6e97e9a", "ctags": [{"_type": "tag", "name": "App", "path": "/home/kavia/workspace/code-generation/user-profile-management-system-42731-42741/web_frontend/src/App.js", "pattern": "/^function App() {$/", "language": "JavaScript", "kind": "function", "signature": "()"}, {"_type": "tag", "name": "Switch to ${theme === 'light' ? 'dark' : 'light'} mode", "path": "/home/kavia/workspace/code-generation/user-profile-management-system-42731-42741/web_frontend/src/App.js", "pattern": "/^          aria-label={`Switch to ${theme === 'light' ? 'dark' : 'light'} mode`}$/", "language": "JavaScript", "kind": "field", "scope": "App.aria", "scopeKind": "class"}, {"_type": "tag", "name": "toggleTheme", "path": "/home/kavia/workspace/code-generation/user-profile-management-system-42731-42741/web_frontend/src/App.js", "pattern": "/^          onClick={toggleTheme}$/", "language": "JavaScript", "kind": "field", "scope": "App.onClick", "scopeKind": "class"}], "hash": "b55dd9e6a018e59207d8e277dffd9e11", "format-version": 4, "code-base-name": "web_frontend", "filename": "web_frontend/src/App.js", "fields": [{"name": "aria-label={`Switch to ${theme === 'light' ? 'dark' : 'light'} mode`}", "scope": "App.aria", "scopeKind": "class", "description": "unavailable"}, {"name": "onClick={toggleTheme}", "scope": "App.onClick", "scopeKind": "class", "description": "unavailable"}], "revision_history": [{"24": "200d5822253b561ea411ec4797a2227ee6e97e9a"}]}