{"is_source_file": false, "format": "", "description": "", "external_files": [], "external_methods": [], "published": [], "classes": [], "methods": [], "calls": [], "search-terms": [], "state": 2, "file_id": 9, "knowledge_revision": 20, "git_revision": "200d5822253b561ea411ec4797a2227ee6e97e9a", "hash": "22f9e17cc1848b56dbb244518ac2707e", "format-version": 4, "code-base-name": "web_frontend", "filename": "web_frontend/src/App.css", "revision_history": [{"20": "200d5822253b561ea411ec4797a2227ee6e97e9a"}]}