{"is_source_file": true, "format": "JavaScript", "description": "This is the main entry point for a React-based web frontend, initializing and rendering the 'App' component into the DOM.", "external_files": ["./index.css", "./App"], "external_methods": ["ReactDOM.createRoot", "root.render", "document.getElementById"], "published": [], "classes": [], "methods": [{"name": "ReactDOM.createRoot", "description": "Creates a React root for rendering the application."}, {"name": "root.render", "description": "Renders the React component tree into the DOM."}], "calls": ["ReactDOM.createRoot", "document.getElementById", "root.render", "React.StrictMode", "<App />"], "search-terms": ["index.js", "ReactDOM", "React.StrictMode", "createRoot", "App", "render", "DOM"], "state": 2, "file_id": 5, "knowledge_revision": 22, "git_revision": "200d5822253b561ea411ec4797a2227ee6e97e9a", "ctags": [{"_type": "tag", "name": "root", "path": "/home/kavia/workspace/code-generation/user-profile-management-system-42731-42741/web_frontend/src/index.js", "pattern": "/^const root = ReactDOM.createRoot(document.getElementById('root'));$/", "language": "JavaScript", "kind": "constant"}], "hash": "9fc5841375336fc175b49f8767a11383", "format-version": 4, "code-base-name": "web_frontend", "filename": "web_frontend/src/index.js", "revision_history": [{"22": "200d5822253b561ea411ec4797a2227ee6e97e9a"}]}