{"is_source_file": true, "format": "JavaScript (ES Module, .mjs)", "description": "ESLint configuration file for JavaScript frontend project, setting parsing options, globals, rules, and plugin configurations for React and JS linting.", "external_files": ["@eslint/js", "eslint-plugin-react"], "external_methods": ["pluginJs", "pluginReact"], "published": [], "classes": [], "methods": [], "calls": ["pluginJs.configs.recommended"], "search-terms": ["eslint", "eslint.config.mjs", "react", "eslint-plugin-react", "js", "configuration", "ESLint", "plugins", "rules"], "state": 2, "file_id": 11, "knowledge_revision": 21, "git_revision": "200d5822253b561ea411ec4797a2227ee6e97e9a", "hash": "be6538e7523bc2e9da0743133d784136", "format-version": 4, "code-base-name": "web_frontend", "filename": "web_frontend/eslint.config.mjs", "revision_history": [{"21": "200d5822253b561ea411ec4797a2227ee6e97e9a"}]}