{"is_source_file": false, "format": "", "description": "", "external_files": [], "external_methods": [], "published": [], "classes": [], "methods": [], "calls": [], "search-terms": [], "state": 2, "file_id": 10, "knowledge_revision": 18, "git_revision": "200d5822253b561ea411ec4797a2227ee6e97e9a", "hash": "6c2104b8d219ed99234ae2d6329f4357", "format-version": 4, "code-base-name": "web_frontend", "filename": "web_frontend/src/index.css", "revision_history": [{"18": "200d5822253b561ea411ec4797a2227ee6e97e9a"}]}