{"is_source_file": false, "format": "", "description": "", "external_files": [], "external_methods": [], "published": [], "classes": [], "methods": [], "calls": [], "search-terms": [], "state": 2, "file_id": 1, "knowledge_revision": 14, "git_revision": "200d5822253b561ea411ec4797a2227ee6e97e9a", "hash": "d2b40d02d5f7873d8a6713bad837edd4", "format-version": 4, "code-base-name": "web_frontend", "filename": "web_frontend/public/index.html", "revision_history": [{"14": "200d5822253b561ea411ec4797a2227ee6e97e9a"}]}