{"is_source_file": false, "format": "", "description": "", "external_files": [], "external_methods": [], "published": [], "classes": [], "methods": [], "calls": [], "search-terms": [], "state": 2, "file_id": 2, "knowledge_revision": 16, "git_revision": "200d5822253b561ea411ec4797a2227ee6e97e9a", "hash": "d9d975cebe2ec20b6c652e1e4c12ccf0", "format-version": 4, "code-base-name": "web_frontend", "filename": "web_frontend/public/manifest.json", "revision_history": [{"16": "200d5822253b561ea411ec4797a2227ee6e97e9a"}]}