{"is_source_file": false, "format": "", "description": "", "external_files": [], "external_methods": [], "published": [], "classes": [], "methods": [], "calls": [], "search-terms": [], "state": 2, "file_id": 3, "knowledge_revision": 17, "git_revision": "200d5822253b561ea411ec4797a2227ee6e97e9a", "hash": "d001d53c059625c4bcf75bf5a7f3fcf0", "format-version": 4, "code-base-name": "web_frontend", "filename": "web_frontend/package.json", "revision_history": [{"17": "200d5822253b561ea411ec4797a2227ee6e97e9a"}]}